<?xml version="1.0" encoding="utf-8" ?>
<!DOCTYPE article PUBLIC "-//NLM//DTD JATS (Z39.96) Journal Archiving
and Interchange DTD v1.2 20190208//EN" "JATS-archivearticle1.dtd">

<article xmlns:mml="http://www.w3.org/1998/Math/MathML" xmlns:xlink="http://www.w3.org/1999/xlink" dtd-version="1.2" article-type="other">

<front>
<journal-meta>
<journal-id></journal-id>

<journal-title-group>
<journal-title>Water Resources Research</journal-title>
</journal-title-group>
<issn></issn>

<publisher>
<publisher-name></publisher-name>
</publisher>
</journal-meta>


<article-meta>


<title-group>
<article-title>Manuscript Title</article-title>
</title-group>

<contrib-group>
<contrib contrib-type="author" corresp="yes">
<contrib-id contrib-id-type="orcid">0000-0002-5352-7215</contrib-id>
<name>
<surname>Lima</surname>
<given-names>Ryan E</given-names>
</name>
<string-name>Ryan E Lima</string-name>

<email>Ryan.lima@nau.edu</email>
<role vocab="https://credit.niso.org" vocab-term="investigation" vocab-term-identifier="https://credit.niso.org/contributor-roles/investigation/">Investigation</role>
<role vocab="https://credit.niso.org" vocab-term="software" vocab-term-identifier="https://credit.niso.org/contributor-roles/software/">Software</role>
<role vocab="https://credit.niso.org" vocab-term="visualization" vocab-term-identifier="https://credit.niso.org/contributor-roles/visualization/">Visualization</role>
<xref ref-type="aff" rid="aff-1">a</xref>
<xref ref-type="corresp" rid="cor-1">&#x002A;</xref>
</contrib>
</contrib-group>
<aff id="aff-1">
<institution-wrap>
<institution>Northern Arizona University</institution>
</institution-wrap>







</aff>
<author-notes>
<corresp id="cor-1">Ryan.lima@nau.edu</corresp>
</author-notes>

<pub-date date-type="pub" publication-format="electronic" iso-8601-date="2024-10-22">
<year>2024</year>
<month>10</month>
<day>22</day>
</pub-date>







<history></history>


<abstract>
<p>Abstract Text….</p>
</abstract>
<kwd-group kwd-group-type="author">
<kwd>Keyword 1</kwd>
<kwd>Keyword 2</kwd>
</kwd-group>




</article-meta>

</front>

<body>
<sec id="introduction">
  <title>1 Introduction</title>
  <p>Studies thinning effects in Ponderosa Pine forests found …..
  (<xref alt="Baker 1986" rid="ref-baker_effects_1986" ref-type="bibr">Baker
  1986</xref>)</p>
  <p>Data and methods are discussed in
  <xref alt="Section 2" rid="sec-data-methods">Section 2</xref>.</p>
  <p>Let <inline-formula><alternatives>
  <tex-math><![CDATA[x]]></tex-math>
  <mml:math display="inline" xmlns:mml="http://www.w3.org/1998/Math/MathML"><mml:mi>x</mml:mi></mml:math></alternatives></inline-formula>
  denote the number of eruptions in a year. Then,
  <inline-formula><alternatives>
  <tex-math><![CDATA[x]]></tex-math>
  <mml:math display="inline" xmlns:mml="http://www.w3.org/1998/Math/MathML"><mml:mi>x</mml:mi></mml:math></alternatives></inline-formula>
  can be modeled by a Poisson distribution</p>
  <p><styled-content id="eq-poisson"><disp-formula><alternatives>
  <tex-math><![CDATA[
  p(x) = \frac{e^{-\lambda} \lambda^{x}}{x !}
   \qquad(1)]]></tex-math>
  <mml:math display="block" xmlns:mml="http://www.w3.org/1998/Math/MathML"><mml:mrow><mml:mi>p</mml:mi><mml:mrow><mml:mo stretchy="true" form="prefix">(</mml:mo><mml:mi>x</mml:mi><mml:mo stretchy="true" form="postfix">)</mml:mo></mml:mrow><mml:mo>=</mml:mo><mml:mfrac><mml:mrow><mml:msup><mml:mi>e</mml:mi><mml:mrow><mml:mi>−</mml:mi><mml:mi>λ</mml:mi></mml:mrow></mml:msup><mml:msup><mml:mi>λ</mml:mi><mml:mi>x</mml:mi></mml:msup></mml:mrow><mml:mrow><mml:mi>x</mml:mi><mml:mi>!</mml:mi></mml:mrow></mml:mfrac><mml:mspace width="2.0em"></mml:mspace><mml:mrow><mml:mo stretchy="true" form="prefix">(</mml:mo><mml:mn>1</mml:mn><mml:mo stretchy="true" form="postfix">)</mml:mo></mml:mrow></mml:mrow></mml:math></alternatives></disp-formula></styled-content></p>
  <p>where <inline-formula><alternatives>
  <tex-math><![CDATA[\lambda]]></tex-math>
  <mml:math display="inline" xmlns:mml="http://www.w3.org/1998/Math/MathML"><mml:mi>λ</mml:mi></mml:math></alternatives></inline-formula>
  is the rate of eruptions per year. Using
  <xref alt="Equation 1" rid="eq-poisson">Equation 1</xref>, the
  probability of an eruption in the next <inline-formula><alternatives>
  <tex-math><![CDATA[t]]></tex-math>
  <mml:math display="inline" xmlns:mml="http://www.w3.org/1998/Math/MathML"><mml:mi>t</mml:mi></mml:math></alternatives></inline-formula>
  years can be calculated.</p>
  <fig id="tbl-1">
    <caption><p>Table 1: Table Title</p></caption>
    <table-wrap>
      <table>
        <thead>
          <tr>
            <th>Name</th>
            <th>Year</th>
          </tr>
        </thead>
        <tbody>
          <tr>
            <td>a</td>
            <td>2021</td>
          </tr>
          <tr>
            <td>b</td>
            <td>1971</td>
          </tr>
          <tr>
            <td>c</td>
            <td>1949</td>
          </tr>
          <tr>
            <td>d</td>
            <td>1712</td>
          </tr>
          <tr>
            <td>e</td>
            <td>1677</td>
          </tr>
          <tr>
            <td>f</td>
            <td>1646</td>
          </tr>
          <tr>
            <td>g</td>
            <td>1585</td>
          </tr>
          <tr>
            <td>h</td>
            <td>1492</td>
          </tr>
        </tbody>
      </table>
    </table-wrap>
  </fig>
  <p><xref alt="Table 1" rid="tbl-1">Table 1</xref> Description of Table
  1 or caption</p>
  <fig id="fig-map">
    <caption><p>Figure 1: Map of La Palma</p></caption>
    <graphic mimetype="image" mime-subtype="png" xlink:href="images/la-palma-map.png" />
  </fig>
  <p>La Palma is one of the west most islands in the Volcanic
  Archipelago of the Canary Islands
  (<xref alt="Figure 1" rid="fig-map">Figure 1</xref>).</p>
</sec>
<sec id="sec-data-methods">
  <title>2 Data &amp; Methods</title>
</sec>
<sec id="conclusion">
  <title>3 Conclusion</title>
</sec>
</body>

<back>
<ref-list>
  <title>References</title>
  <ref id="ref-baker_effects_1986">
    <element-citation publication-type="article-journal">
      <person-group person-group-type="author">
        <name><surname>Baker</surname><given-names>Malchus B.</given-names></name>
      </person-group>
      <article-title>Effects of Ponderosa Pine Treatments on Water Yield in Arizona</article-title>
      <source>Water Resources Research</source>
      <year iso-8601-date="1986-01">1986</year><month>01</month>
      <date-in-citation content-type="access-date"><year iso-8601-date="2024-10-01">2024</year><month>10</month><day>01</day></date-in-citation>
      <volume>22</volume>
      <issue>1</issue>
      <issn>0043-1397, 1944-7973</issn>
      <uri>https://agupubs.onlinelibrary.wiley.com/doi/10.1029/WR022i001p00067</uri>
      <pub-id pub-id-type="doi">10.1029/WR022i001p00067</pub-id>
      <fpage>67</fpage>
      <lpage>73</lpage>
    </element-citation>
  </ref>
</ref-list>
</back>

<sub-article article-type="notebook" id="nb-3-nb-1">
<front-stub>
<title-group>
<article-title>Prepare Test Data</article-title>
</title-group>
<contrib-group>
<contrib contrib-type="author">
<contrib-id contrib-id-type="orcid">0000-0002-5352-7215</contrib-id>
<name>
<surname>Lima</surname>
<given-names>Ryan E</given-names>
</name>
<string-name>Ryan E Lima</string-name>

</contrib>
</contrib-group>
</front-stub>

<body>
<sec id="cell-96cd123b-e010-4778-9afa-9ca125ef50cc-nb-1" specific-use="notebook-content">
<p>Text description</p>
</sec>
</body>



<back>
</back>


</sub-article>

</article>